﻿<?xml version="1.0" encoding="utf-8"?>
<PersistableFontDetails xmlns:xsd="http://www.w3.org/2001/XMLSchema" xmlns:xsi="http://www.w3.org/2001/XMLSchema-instance">
  <Letterset>ABCDEFGHIJKLMNOPQRSTUVWXYZabcdefghijklmnopqrstuvwxyz0123456789.,;:?!-_~#"'&amp;()[]|`\/@°+=*$£€&lt;&gt;%</Letterset>
  <AdjustHeight>1</AdjustHeight>
  <AdjustWidth>1</AdjustWidth>
  <SampleText>The quick brown fox jumped over the lazy dog.</SampleText>
  <ShiftHorz>1</ShiftHorz>
  <ShiftVert>1</ShiftVert>
  <ShowGrid>true</ShowGrid>
  <ShowBoundary>false</ShowBoundary>
  <Size>72</Size>
  <StrikeOut>false</StrikeOut>
  <Underline>false</Underline>
  <IsFill>true</IsFill>
  <IsOutlineOne>false</IsOutlineOne>
  <IsOutlineTwo>false</IsOutlineTwo>
  <IsShadow>true</IsShadow>
  <OutlineOneWidth>1</OutlineOneWidth>
  <OutlineTwoWidth>2</OutlineTwoWidth>
  <ShadowWidth>4</ShadowWidth>
  <ShadowOffsetX>0</ShadowOffsetX>
  <ShadowOffsetY>4</ShadowOffsetY>
  <FontStyleDisplayName>Condensed Black</FontStyleDisplayName>
  <Height>82</Height>
  <Width>53</Width>
  <FontFamilyName>Burbank Big</FontFamilyName>
  <FontStyleName>Normal</FontStyleName>
  <FontStretchName>Condensed</FontStretchName>
  <FontWeightName>Black</FontWeightName>
  <FillColourName>#FFFFFFFF</FillColourName>
  <OutlineOneColourName>#FF008000</OutlineOneColourName>
  <OutlineTwoColourName>#FFFF0000</OutlineTwoColourName>
  <ShadowColourName>#80000000</ShadowColourName>
  <SampleBackgroundColourName>#00FFFFFF</SampleBackgroundColourName>
</PersistableFontDetails>